Vorname;Name;Rolle
Bennet;Richter;Team
Frederik;Schröder;Team
Mattis;Negraszus;Team
Timon;ABC;Team
Jonas;Ems;Bürger
Levin Carla;Hildebrand;Bürger
Kiki Erik;Lorentz;Bürger
Hans-Günter;Silvester Stueck;Bürger
Diethelm Marta;Otto;Bürger
Swanhilde Margret;Dohman;Bürger
Hans-Peter;Till Böhmer;Bürger
Till;Ottilie Königsmann;Bürger
Hanspeter;Charlotte Schöttmer;Bürger
Irmengard Diana;Ruff;Bürger
Isa;Rutt;Bürger
Ben;Kumm;Bürger
Markus Sylvester;Schlender;Bürger
Svenja Titus;Eichel;Bürger
Thomas Verena;Lewerenz;Bürger
Irmtrud Gustav;Kerner;Bürger
Walther Berta;Stumpf;Bürger
Julie;Rudi Falkenrath;Bürger
