Vorname;Name;Rolle;Extra
Rainer;Schröder;Team;Nein
Frederic;Schröder;Team;Nein
Christin;;Team;Nein:Einhorn
Nicole;;Team;Nein:Einhorn
Anna-Lena;;Team;Nein:Einhorn
Lenya;;Team;Nein:Einhorn
Nele;;Team;Nein:Einhorn
Sophia;;Team;Nein:Einhorn
Tiemon;;Team;Nein:Einhorn
Björn;;Team;Nein:Einhorn
Daniel;;Team;Nein:Einhorn
Mattis;;Team;Nein:Einhorn
Bennet;;Team;Nein:Einhorn
Matts;;Team;Nein:Einhorn
Timo;;Team;Nein
André;;Team;Nein
Jürgen;;Team;Nein
;;Team;Nein
;;Team;Nein
;;Team;Nein
;;Team;Nein
;;Team;Nein
Ella;Erke;Bürger
Mattis;Erke;Bürger
Kimey;Ishionwu;Bürger
Jonas;Müller;Bürger
Joshua;Müller;Bürger
Leonhard;Dudin;Bürger
Finn;Kröger;Bürger
Nils;Kröger;Bürger
Dennis;Gorin;Bürger
Johanna;Wolters;Bürger
Theresa;Wolters;Bürger
Emil;Deinl;Bürger
Theo;Tecklenborg;Bürger
Jonathan;Rotkopf;Bürger
Juna;Limbrock;Bürger
Ella;Cáceres;Bürger
Lia;Seeger;Bürger
Mila;Seeger;Bürger
David;Bruns;Bürger
Johanna;Bruns;Bürger
Dominik;König;Bürger
Sofia;Borg;Bürger
Frederico;Borg;Bürger
Emil;Borg;Bürger
Mia;Borg;Bürger
